,,,
1,Brown fiction.txt,,was entitled
2,Brown fiction.txt,,was decided
3,Brown fiction.txt,,were conferred
4,Brown fiction.txt,,was discharged
5,Brown fiction.txt,,been warned
6,Brown fiction.txt,,was gone.
7,Brown fiction.txt,,was asked
8,Brown fiction.txt,,was no longer allowed
9,Brown fiction.txt,,"was very worried""."
10,Brown fiction.txt,,was pleased.
11,Brown fiction.txt,,was not irritated.
12,Brown fiction.txt,,"been told,"
13,Brown fiction.txt,,"were still unsettled,"
14,Brown fiction.txt,,was here. He had come
15,Brown fiction.txt,,were so many enchained
16,Brown fiction.txt,,was absorbed
17,Brown fiction.txt,,been severed
18,Brown fiction.txt,,was called
19,Brown fiction.txt,,is divinely inspired
20,Brown fiction.txt,,was cut
21,Brown fiction.txt,,was left
22,Brown fiction.txt,,"was subdued,"
23,Brown fiction.txt,,was fired
24,Brown fiction.txt,,"were killed,"
25,Brown fiction.txt,,was wounded.
26,Brown fiction.txt,,was just. He had dared
27,Brown fiction.txt,,was punished.
28,Brown fiction.txt,,was caught
29,Brown fiction.txt,,was not easily excited
30,Brown fiction.txt,,were neglected
31,Brown fiction.txt,,was beset
32,Brown fiction.txt,,was often viewed
33,Brown fiction.txt,,was often re-enacted
34,Brown fiction.txt,,was taken
35,Brown fiction.txt,,was arranged
36,Brown fiction.txt,,was briefly referred
37,Brown fiction.txt,,is conducted
38,Brown fiction.txt,,was called
39,Brown fiction.txt,,was told
40,Brown fiction.txt,,were jumbled
41,Brown fiction.txt,,been sent
42,Brown fiction.txt,,being held
43,Brown fiction.txt,,was proposed
44,Brown fiction.txt,,was made
45,Brown fiction.txt,,been invested
46,Brown fiction.txt,,are patronized
47,Brown fiction.txt,,was absolutely amazed.
48,Brown fiction.txt,,was filled
49,Brown fiction.txt,,been killed.
50,Brown fiction.txt,,was pitched
51,Brown fiction.txt,,"were carpeted,"
52,Brown fiction.txt,,"was broken,"
53,Brown fiction.txt,,was not frightened.
54,Brown fiction.txt,,was delighted
55,Brown fiction.txt,,been stunned
56,Brown fiction.txt,,were drugged
57,Brown fiction.txt,,"was so theatrically dressed,"
58,Brown fiction.txt,,was forced
59,Brown fiction.txt,,was frightened;
60,Brown fiction.txt,,was sprawled
61,Brown fiction.txt,,was installed
62,Brown fiction.txt,,was drawn
63,Brown fiction.txt,,were overgrown
64,Brown fiction.txt,,was torn
65,Brown fiction.txt,,was wreathed
66,Brown fiction.txt,,was disappointed
67,Brown fiction.txt,,"were wet,"
68,Brown fiction.txt,,was chased
69,Brown fiction.txt,,was crowded
70,Brown fiction.txt,,been pretty scared
71,Brown fiction.txt,,been done.
72,Brown fiction.txt,,were suddenly unleashed
73,Brown fiction.txt,,is almost convinced
74,Brown fiction.txt,,are attacked
75,Brown fiction.txt,,are once again aroused.
76,Brown fiction.txt,,was soon circulated
77,Brown fiction.txt,,was made
78,Brown fiction.txt,,were driven
79,Brown fiction.txt,,was really amazed
80,Brown fiction.txt,,were involved
81,Brown fiction.txt,,was now forbidden
82,Brown fiction.txt,,were delighted
83,Brown fiction.txt,,was applauded.
84,Brown fiction.txt,,been given
85,Brown fiction.txt,,were screwed
86,Brown fiction.txt,,"was incensed,"
87,Brown fiction.txt,,was pleased
88,Brown fiction.txt,,was nauseated
89,Brown fiction.txt,,was wasted
90,Brown fiction.txt,,were wounded
91,Brown fiction.txt,,were covered
92,Brown fiction.txt,,was filled
93,Brown fiction.txt,,was drunk
94,Brown fiction.txt,,"being discussed,"
95,Brown fiction.txt,,was hurt
96,Brown fiction.txt,,"were closed,"
97,Brown fiction.txt,,was no longer permitted
98,Brown fiction.txt,,were emptied.
99,Brown fiction.txt,,was no longer tolerated.
100,Brown fiction.txt,,was carried
101,Brown fiction.txt,,were marched
102,Brown fiction.txt,,being reconciled
103,Brown fiction.txt,,"been there, continued"
104,Brown fiction.txt,,were truly Christians longed
105,Brown fiction.txt,,were termed
106,Brown fiction.txt,,been persecuted
107,Brown fiction.txt,,are ordered
108,Brown fiction.txt,,"are banished,"
109,Brown fiction.txt,,was stunned.
110,Brown fiction.txt,,was surmounted
111,Brown fiction.txt,,were huddled
112,Brown fiction.txt,,was gone
113,Brown fiction.txt,,been awarded
114,Brown fiction.txt,,was swathed
115,Brown fiction.txt,,was wrapped
116,Brown fiction.txt,,been flung.
117,Brown fiction.txt,,was perilously freed
118,Brown fiction.txt,,were huddled
119,Brown fiction.txt,,was gone.
120,Brown fiction.txt,,is tired
121,Brown fiction.txt,,being robbed).
122,Brown fiction.txt,,"was thus engaged,"
123,Brown fiction.txt,,were only four cars parked
124,Brown fiction.txt,,were never examined
125,Brown fiction.txt,,"were never penalized),"
126,Brown fiction.txt,,was answered
127,Brown fiction.txt,,were dressed
128,Brown fiction.txt,,"were seated,"
129,Brown fiction.txt,,was intimidated
130,Brown fiction.txt,,was said
131,Brown fiction.txt,,"was not accepted,"
132,Brown fiction.txt,,was contradicted
133,Brown fiction.txt,,is only put
134,Brown fiction.txt,,was scandalized
135,Brown fiction.txt,,was clogged
136,Brown fiction.txt,,"were out, and had been"
137,Brown fiction.txt,,been put
138,Brown fiction.txt,,been given
139,Brown fiction.txt,,was crowded
140,Brown fiction.txt,,"was intensely alive, anguished;"
141,Brown fiction.txt,,"are bunched,"
142,Brown fiction.txt,,"were well treated,"
143,Brown fiction.txt,,was told
144,Brown fiction.txt,,was supposed
145,Brown fiction.txt,,being held
146,Brown fiction.txt,,was charged
147,Brown fiction.txt,,been trained
148,Brown fiction.txt,,"was taught""."
149,Brown fiction.txt,,was devoted
150,Brown fiction.txt,,was crouched
151,Brown fiction.txt,,was not too concerned.
152,Brown fiction.txt,,was gone.
153,Brown fiction.txt,,been cursed
154,Brown fiction.txt,,was taken
155,Brown fiction.txt,,were garbled
156,Brown fiction.txt,,were closed
157,Brown fiction.txt,,was shaken
158,Brown fiction.txt,,was tired
159,Brown fiction.txt,,was not used
160,Brown fiction.txt,,was topped
161,Brown fiction.txt,,was shaded
162,Brown fiction.txt,,was gone.
163,Brown fiction.txt,,was thickly settled
164,Brown fiction.txt,,was bounded
165,Brown fiction.txt,,"being called,"
166,Brown fiction.txt,,was now left
167,Brown fiction.txt,,being rowed
168,Brown fiction.txt,,was lost
169,Brown fiction.txt,,"was, suddenly caught"
170,Brown fiction.txt,,being born.
171,Brown fiction.txt,,was stranded
172,Brown fiction.txt,,was launched.
173,Brown fiction.txt,,was not being punished
174,Brown fiction.txt,,being punished
175,Brown fiction.txt,,was filled
176,Brown fiction.txt,,were all gone.
177,Brown fiction.txt,,was emptied
178,Brown fiction.txt,,was refilled
179,Brown fiction.txt,,was filled
180,Brown fiction.txt,,was transferred
181,Brown fiction.txt,,was shacked
182,Brown fiction.txt,,was cleaned
183,Brown fiction.txt,,been disconnected
184,Brown fiction.txt,,was gone
185,Brown fiction.txt,,been worried
186,Brown fiction.txt,,was fixed
187,Brown fiction.txt,,were retired
188,Brown fiction.txt,,were intertwined
189,Brown fiction.txt,,was brought
190,Brown fiction.txt,,was elated
191,Brown fiction.txt,,was allowed
192,Brown fiction.txt,,was given
193,Brown fiction.txt,,been trained
194,Brown fiction.txt,,was often curious; often tempted
195,Brown fiction.txt,,was surprised
196,Brown fiction.txt,,was even more startled
197,Brown fiction.txt,,been donated
198,Brown fiction.txt,,"been done,"
199,Brown fiction.txt,,was told
200,Brown fiction.txt,,was engaged
201,Brown fiction.txt,,was not to be disturbed.
202,Brown fiction.txt,,was bitterly disappointed but determined
203,Brown fiction.txt,,was concerned
204,Brown fiction.txt,,was not employed
205,Brown fiction.txt,,being chosen
206,Brown fiction.txt,,was situated
207,Brown fiction.txt,,was greeted
208,Brown fiction.txt,,been celebrated
209,Brown fiction.txt,,were shown.
210,Brown fiction.txt,,was ordered
211,Brown fiction.txt,,"is overpriced"","
212,Brown fiction.txt,,are concerned
213,Brown fiction.txt,,was buttoned
214,Brown fiction.txt,,am tired
215,Brown fiction.txt,,was told
216,Brown fiction.txt,,"was called,"
217,Brown fiction.txt,,was given
218,Brown fiction.txt,,was published
219,Brown fiction.txt,,was missed
220,Brown fiction.txt,,is bewitched
221,Brown fiction.txt,,"was published,"
222,Brown fiction.txt,,being slammed
223,Brown fiction.txt,,was brought
224,Brown fiction.txt,,was watched
225,Brown fiction.txt,,was folded
226,Brown fiction.txt,,was slimed
227,Brown fiction.txt,,been lifted
228,Brown fiction.txt,,been led
229,Brown fiction.txt,,"is approved,"
230,Brown fiction.txt,,was muffled
231,Brown fiction.txt,,were knocked
232,Brown fiction.txt,,were dragged
233,Brown fiction.txt,,been crossed
234,Brown fiction.txt,,were slaughtered
235,Brown fiction.txt,,was grimly satisfied.
236,Brown fiction.txt,,was built
237,Brown fiction.txt,,been known
238,Brown fiction.txt,,was stretched
239,Brown fiction.txt,,been given
240,Brown fiction.txt,,"was dyed,"
241,Brown fiction.txt,,"been lighted,"
242,Brown fiction.txt,,been set
243,Brown fiction.txt,,been given
244,Brown fiction.txt,,was even more touched
245,Brown fiction.txt,,was tied
246,Brown fiction.txt,,being lowered
247,Brown fiction.txt,,was pressed
248,Brown fiction.txt,,is visited
249,Brown fiction.txt,,was recorded
250,Brown fiction.txt,,been spoken
251,Brown fiction.txt,,been accepted
252,Brown fiction.txt,,was all shoveled
253,Brown fiction.txt,,was turned
254,Brown fiction.txt,,been locked
255,Brown fiction.txt,,was still spattered
256,Brown fiction.txt,,was put
257,Brown fiction.txt,,was taken
258,Brown fiction.txt,,was made
259,Brown fiction.txt,,were made
260,Brown fiction.txt,,was piled
261,Brown fiction.txt,,been ransacked
262,Brown fiction.txt,,was not bored
263,Brown fiction.txt,,was bent
264,Brown fiction.txt,,was made
265,Brown fiction.txt,,been designed
266,Brown fiction.txt,,are born
267,Brown fiction.txt,,been married
268,Brown fiction.txt,,was gone
269,Brown fiction.txt,,was established.
270,Brown fiction.txt,,been moved
271,Brown fiction.txt,,was kept
272,Brown fiction.txt,,were all seated
273,Brown fiction.txt,,been used
274,Brown fiction.txt,,been married
275,Brown fiction.txt,,was gone
276,Brown fiction.txt,,were made
277,Brown fiction.txt,,was flattered.
278,Brown fiction.txt,,was required
279,Brown fiction.txt,,was replaced
280,Brown fiction.txt,,was obliged
281,Brown fiction.txt,,was ended;
282,Brown fiction.txt,,was effected
283,Brown fiction.txt,,been set
284,Brown fiction.txt,,was followed
285,Brown fiction.txt,,was cradled.
286,Brown fiction.txt,,being absorbed
287,Brown fiction.txt,,"was totally engaged,"
288,Brown fiction.txt,,was shut
289,Brown fiction.txt,,being smoothed
290,Brown fiction.txt,,being arranged
291,Brown fiction.txt,,was occupied.
292,Brown fiction.txt,,were assailed
293,Brown fiction.txt,,were almost immediately lost
294,Brown fiction.txt,,was nested
295,Brown fiction.txt,,was engaged
296,Brown fiction.txt,,were still stacked
297,Brown fiction.txt,,was printed
298,Brown fiction.txt,,been married
299,Brown fiction.txt,,been surprised
300,Brown fiction.txt,,was meant
301,Brown fiction.txt,,was relieved;
302,Brown fiction.txt,,was all but surpassed
303,Brown fiction.txt,,was enrolled.
304,Brown fiction.txt,,was transformed
305,Brown fiction.txt,,was always represented
306,Brown fiction.txt,,was excited
307,Brown fiction.txt,,were called
308,Brown fiction.txt,,"were flustered,"
309,Brown fiction.txt,,was done
310,Brown fiction.txt,,was terribly pleased.
311,Brown fiction.txt,,was given
312,Brown fiction.txt,,were lit
313,Brown fiction.txt,,"been instituted,"
314,Brown fiction.txt,,being hawked
315,Brown fiction.txt,,were continually serenaded
316,Brown fiction.txt,,been attached
317,Brown fiction.txt,,was doomed
318,Brown fiction.txt,,were paid
319,Brown fiction.txt,,was destined
320,Brown fiction.txt,,was parked
321,Brown fiction.txt,,was held
322,Brown fiction.txt,,was gone.
323,Brown fiction.txt,,been severed.
324,Brown fiction.txt,,was positively nauseated
325,Brown fiction.txt,,was clothed
326,Brown fiction.txt,,"was answered,"
327,Brown fiction.txt,,was called
328,Brown fiction.txt,,"were lowered,"
329,Brown fiction.txt,,"was born""?"
330,Brown fiction.txt,,been startled
331,Brown fiction.txt,,"were sweetly calling, were answered."
332,Brown fiction.txt,,were answered.
333,Brown fiction.txt,,been gone
334,Brown fiction.txt,,were spiked
335,Brown fiction.txt,,were threaded
336,Brown fiction.txt,,been disgraced
337,Brown fiction.txt,,was bordered
338,Brown fiction.txt,,been added
339,Brown fiction.txt,,was trapped
340,Brown fiction.txt,,been parked
341,Brown fiction.txt,,was barred
342,Brown fiction.txt,,was bordered
343,Brown fiction.txt,,been disconnected.
344,Brown fiction.txt,,was made
345,Brown fiction.txt,,were protected
346,Brown fiction.txt,,were soaked
347,Brown fiction.txt,,was painted
348,Brown fiction.txt,,was occupied
349,Brown fiction.txt,,was finally pointed
350,Brown fiction.txt,,been given
351,Brown fiction.txt,,was set
352,Brown fiction.txt,,was designed
353,Brown fiction.txt,,been written
354,Brown fiction.txt,,was parked
355,Brown fiction.txt,,was lost
356,Brown fiction.txt,,was mildly surprised
357,Brown fiction.txt,,"been stowed,"
358,Brown fiction.txt,,were overlapped
359,Brown fiction.txt,,was hemmed
360,Brown fiction.txt,,been poisoned.
361,Brown fiction.txt,,are made
362,Brown fiction.txt,,been transferred.
363,Brown fiction.txt,,were deserted.
364,Brown fiction.txt,,been gone
365,Brown fiction.txt,,was shot.
366,Brown fiction.txt,,"been surprised,"
367,Brown fiction.txt,,been supplied
368,Brown fiction.txt,,been warned
369,Brown fiction.txt,,been broken.
370,Brown fiction.txt,,was stolen.
371,Brown fiction.txt,,was banked
372,Brown fiction.txt,,was surprised
373,Brown fiction.txt,,was suddenly a little fixed
374,Brown fiction.txt,,was already considerably concerned
375,Brown fiction.txt,,were married.
376,Brown fiction.txt,,been bounced
377,Brown fiction.txt,,been expected
378,Brown fiction.txt,,been removed
379,Brown fiction.txt,,were fully prepared
380,Brown fiction.txt,,"were not, however, prepared"
381,Brown fiction.txt,,is expected
382,Brown fiction.txt,,was dressed
383,Brown fiction.txt,,"was freshly shaved,"
384,Brown fiction.txt,,been fitted
385,Brown fiction.txt,,were fitted
386,Brown fiction.txt,,were tightly drawn
387,Brown fiction.txt,,was bathed
388,Brown fiction.txt,,was surprised
389,Brown fiction.txt,,were neatly kept.
390,Brown fiction.txt,,were neatly stacked
391,Brown fiction.txt,,was needed.
392,Brown fiction.txt,,was hustled
393,Brown fiction.txt,,was surrounded
394,Brown fiction.txt,,was recognized.
395,Brown fiction.txt,,was signed
396,Brown fiction.txt,,been sobered
397,Brown fiction.txt,,been installed
398,Brown fiction.txt,,being checked
399,Brown fiction.txt,,was scheduled
400,Brown fiction.txt,,"were right. The act, cut"
401,Brown fiction.txt,,been rehearsed
402,Brown fiction.txt,,"was strained,"
403,Brown fiction.txt,,was made
404,Brown fiction.txt,,been forced
405,Brown fiction.txt,,was killed
406,Brown fiction.txt,,was supposed
407,Brown fiction.txt,,was married
408,Brown fiction.txt,,"being involved,"
409,Brown fiction.txt,,were all faded.
410,Brown fiction.txt,,"was wanted,"
411,Brown fiction.txt,,been fired
412,Brown fiction.txt,,"was shot,"
413,Brown fiction.txt,,been seen
414,Brown fiction.txt,,are laid
415,Brown fiction.txt,,been forced
416,Brown fiction.txt,,been fired
417,Brown fiction.txt,,was inclined
418,Brown fiction.txt,,are intertwined
419,Brown fiction.txt,,was told
420,Brown fiction.txt,,was interrupted.
421,Brown fiction.txt,,was involved
422,Brown fiction.txt,,was prepared
423,Brown fiction.txt,,was drawn
424,Brown fiction.txt,,were added
425,Brown fiction.txt,,been set
426,Brown fiction.txt,,was left
427,Brown fiction.txt,,"been included,"
428,Brown fiction.txt,,"was concerned"","
429,Brown fiction.txt,,been found.
430,Brown fiction.txt,,being swept
431,Brown fiction.txt,,was furnished
432,Brown fiction.txt,,been permitted
433,Brown fiction.txt,,was hit-
434,Brown fiction.txt,,was lighted;
435,Brown fiction.txt,,was framed
436,Brown fiction.txt,,was generously set
437,Brown fiction.txt,,were still seated
438,Brown fiction.txt,,been called
439,Brown fiction.txt,,were lighted.
440,Brown fiction.txt,,been divided
441,Brown fiction.txt,,was jammed
442,Brown fiction.txt,,was attracted
443,Brown fiction.txt,,been prized
444,Brown fiction.txt,,been shut
445,Brown fiction.txt,,was broken;
446,Brown fiction.txt,,were scattered
447,Brown fiction.txt,,was faintly silhouetted
448,Brown fiction.txt,,was bathed
449,Brown fiction.txt,,was occasionally tried
450,Brown fiction.txt,,"was heavily pomaded,"
451,Brown fiction.txt,,being called.
452,Brown fiction.txt,,were expected
453,Brown fiction.txt,,were instructed
454,Brown fiction.txt,,was written
455,Brown fiction.txt,,was thereby prevented
456,Brown fiction.txt,,was populated
457,Brown fiction.txt,,was written
458,Brown fiction.txt,,was always well groomed
459,Brown fiction.txt,,been born
460,Brown fiction.txt,,been engaged
461,Brown fiction.txt,,was not particularly amused.
462,Brown fiction.txt,,been otherwise occupied
463,Brown fiction.txt,,was directed
464,Brown fiction.txt,,was still too worried
465,Brown fiction.txt,,was hired
466,Brown fiction.txt,,was told
467,Brown fiction.txt,,been scared
468,Brown fiction.txt,,been summoned.
469,Brown fiction.txt,,was set
470,Brown fiction.txt,,been led
471,Brown fiction.txt,,"was heated,"
472,Brown fiction.txt,,was still creased
473,Brown fiction.txt,,was frozen
474,Brown fiction.txt,,was seized
475,Brown fiction.txt,,was followed
476,Brown fiction.txt,,was dressed
477,Brown fiction.txt,,is known
478,Brown fiction.txt,,been published
479,Brown fiction.txt,,"been redecorated""!"
480,Brown fiction.txt,,was found
481,Brown fiction.txt,,was shot
482,Brown fiction.txt,,was locked
483,Brown fiction.txt,,"is taken""."
484,Brown fiction.txt,,were struck
485,Brown fiction.txt,,"being redecorated""."
486,Brown fiction.txt,,was dimly lighted
487,Brown fiction.txt,,was neatly arranged
488,Brown fiction.txt,,been stained
489,Brown fiction.txt,,was shot
490,Brown fiction.txt,,been rolled
491,Brown fiction.txt,,"were too pointed,"
492,Brown fiction.txt,,was surprised
493,Brown fiction.txt,,were dazed.
494,Brown fiction.txt,,were bruised
495,Brown fiction.txt,,was mutilated.
496,Brown fiction.txt,,is not laid.
497,Brown fiction.txt,,are set
498,Brown fiction.txt,,were made
499,Brown fiction.txt,,was never known
500,Brown fiction.txt,,is called
501,Brown fiction.txt,,was torn
502,Brown fiction.txt,,been set
503,Brown fiction.txt,,was valued
504,Brown fiction.txt,,"was, remained"
505,Brown fiction.txt,,was said
506,Brown fiction.txt,,"was blurred,"
507,Brown fiction.txt,,been hit
508,Brown fiction.txt,,been hit.
509,Brown fiction.txt,,was startled
510,Brown fiction.txt,,was rid
511,Brown fiction.txt,,was already trapped
512,Brown fiction.txt,,been taken
513,Brown fiction.txt,,was done.
514,Brown fiction.txt,,was hooked.
515,Brown fiction.txt,,"was reminded,"
516,Brown fiction.txt,,was murdered
517,Brown fiction.txt,,been touched
518,Brown fiction.txt,,been stuck
519,Brown fiction.txt,,Being picked
520,Brown fiction.txt,,was completely deserted
521,Brown fiction.txt,,been left
522,Brown fiction.txt,,were seen
523,Brown fiction.txt,,was dead tired and slept
524,Brown fiction.txt,,were set
525,Brown fiction.txt,,been taught
526,Brown fiction.txt,,been rejected
527,Brown fiction.txt,,was delighted
528,Brown fiction.txt,,was pleased
529,Brown fiction.txt,,being taught
530,Brown fiction.txt,,being brought
531,Brown fiction.txt,,was spent
532,Brown fiction.txt,,was quoted
533,Brown fiction.txt,,were required
534,Brown fiction.txt,,was stolen;
535,Brown fiction.txt,,was indicted
536,Brown fiction.txt,,been translated
537,Brown fiction.txt,,been held
538,Brown fiction.txt,,been cast
539,Brown fiction.txt,,was not pleased
540,Brown fiction.txt,,"was announced,"
541,Brown fiction.txt,,was salted.
542,Brown fiction.txt,,were too preoccupied
543,Brown fiction.txt,,was already inhabited
544,Brown fiction.txt,,been asked
545,Brown fiction.txt,,"was promoted,"
546,Brown fiction.txt,,"am married""."
547,Brown fiction.txt,,"are horrified,"
548,Brown fiction.txt,,were inhabited
549,Brown fiction.txt,,was derived
550,Brown fiction.txt,,been married
551,Brown fiction.txt,,been killed
552,Brown fiction.txt,,was as frozen
553,Brown fiction.txt,,been made
554,Brown fiction.txt,,were needed.
555,Brown fiction.txt,,was very restricted.
556,Brown fiction.txt,,"was inflected,"
557,Brown fiction.txt,,being asked
558,Brown fiction.txt,,been fixed
559,Brown fiction.txt,,were cast.
560,Brown fiction.txt,,is lifted.
561,Brown fiction.txt,,is called
562,Brown fiction.txt,,is done
563,Brown fiction.txt,,is called
564,Brown fiction.txt,,been broken
565,Brown fiction.txt,,been found.
566,Brown fiction.txt,,were still attached
567,Brown fiction.txt,,"was still unfurled,"
568,Brown fiction.txt,,being poured
569,Brown fiction.txt,,being followed
570,Brown fiction.txt,,was headed
571,Brown fiction.txt,,was simply headed
572,Brown fiction.txt,,was felt
573,Brown fiction.txt,,been found
574,Brown fiction.txt,,were frozen
575,Brown fiction.txt,,was mistaken
576,Brown fiction.txt,,was startled
577,Brown fiction.txt,,"are gone""."
578,Brown fiction.txt,,been involved
579,Brown fiction.txt,,was given
580,Brown fiction.txt,,were removed
581,Brown fiction.txt,,was destined
582,Brown fiction.txt,,were lost
583,Brown fiction.txt,,was made
584,Brown fiction.txt,,were forced
585,Brown fiction.txt,,were overridden
586,Brown fiction.txt,,been reported
587,Brown fiction.txt,,been forced
588,Brown fiction.txt,,"is not insoluble, given"
589,Brown fiction.txt,,are programed
590,Brown fiction.txt,,are directed
591,Brown fiction.txt,,been exposed
592,Brown fiction.txt,,were schooled
593,Brown fiction.txt,,were not drawn
594,Brown fiction.txt,,was not unpleased
595,Brown fiction.txt,,were encouraged
596,Brown fiction.txt,,was unconditionally graduated and installed
597,Brown fiction.txt,,was recessed
598,Brown fiction.txt,,were made
599,Brown fiction.txt,,"were diverted,"
600,Brown fiction.txt,,were completed
601,Brown fiction.txt,,was commissioned.
602,Brown fiction.txt,,was determined
603,Brown fiction.txt,,been guided
604,Brown fiction.txt,,"was gone,"
605,Brown fiction.txt,,were cradled-
606,Brown fiction.txt,,was cut;
607,Brown fiction.txt,,was so commingled
608,Brown fiction.txt,,was called
609,Brown fiction.txt,,was tired
610,Brown fiction.txt,,was too exhausted
611,Brown fiction.txt,,being caught
612,Brown fiction.txt,,was more puzzled
613,Brown fiction.txt,,"were torn,"
614,Brown fiction.txt,,was so exhausted
615,Brown fiction.txt,,were glazed
616,Brown fiction.txt,,"was very thin, and burned"
617,Brown fiction.txt,,were so completely worn
618,Brown fiction.txt,,was completely off her left
619,Brown fiction.txt,,was bruised
620,Brown fiction.txt,,was dispelled.
621,Brown fiction.txt,,"were finally satisfied,"
622,Brown fiction.txt,,"is gone,"
623,Brown fiction.txt,,"are gone,"
624,Brown fiction.txt,,were framed
625,Brown fiction.txt,,been seen
626,Brown fiction.txt,,were tired
627,Brown fiction.txt,,been cheated
628,Brown fiction.txt,,being rustled
629,Brown fiction.txt,,was drunk
630,Brown fiction.txt,,were lathered
631,Brown fiction.txt,,was partially uniformed
632,Brown fiction.txt,,were held
633,Brown fiction.txt,,was pierced
634,Brown fiction.txt,,"were tethered,"
635,Brown fiction.txt,,been kept
636,Brown fiction.txt,,been taken
637,Brown fiction.txt,,were not answered
638,Brown fiction.txt,,was deserted.
639,Brown fiction.txt,,were stacked
640,Brown fiction.txt,,was brilliantly lighted
641,Brown fiction.txt,,being torn
642,Brown fiction.txt,,was hit.
643,Brown fiction.txt,,been touched
644,Brown fiction.txt,,being told
645,Brown fiction.txt,,was disgusted
646,Brown fiction.txt,,was sickened
647,Brown fiction.txt,,"were filled,"
648,Brown fiction.txt,,was split
649,Brown fiction.txt,,was sure had sat
650,Brown fiction.txt,,"was open, his neck corded"
651,Brown fiction.txt,,was lost
652,Brown fiction.txt,,was covered
653,Brown fiction.txt,,was filled
654,Brown fiction.txt,,been badly wounded
655,Brown fiction.txt,,was taken
656,Brown fiction.txt,,was meant
657,Brown fiction.txt,,was driven
658,Brown fiction.txt,,were hurt
659,Brown fiction.txt,,were disappointed.
660,Brown fiction.txt,,was lighted
661,Brown fiction.txt,,"was informed,"
662,Brown fiction.txt,,"was shown,"
663,Brown fiction.txt,,were hindered
664,Brown fiction.txt,,was completed.
665,Brown fiction.txt,,was forced
666,Brown fiction.txt,,been left
667,Brown fiction.txt,,was impressed
668,Brown fiction.txt,,"was aroused,"
669,Brown fiction.txt,,was relieved
670,Brown fiction.txt,,been worried
671,Brown fiction.txt,,was embarrassed.
672,Brown fiction.txt,,been abandoned.
673,Brown fiction.txt,,was sent
674,Brown fiction.txt,,"was discovered,"
675,Brown fiction.txt,,was free flashed
676,Brown fiction.txt,,was dwarfed
677,Brown fiction.txt,,was partially cemented
678,Brown fiction.txt,,was partly deafened
679,Brown fiction.txt,,was repelled
680,Brown fiction.txt,,being held
681,Brown fiction.txt,,was caught
682,Brown fiction.txt,,was covered
683,Brown fiction.txt,,"was not, thought"
684,Brown fiction.txt,,was gone
685,Brown fiction.txt,,was relieved
686,Brown fiction.txt,,were offered.
687,Brown fiction.txt,,was bewildered.
688,Brown fiction.txt,,been swallowed
689,Brown fiction.txt,,were crowded
690,Brown fiction.txt,,were clenched
691,Brown fiction.txt,,been snared
692,Brown fiction.txt,,was there left?
693,Brown fiction.txt,,was carried
694,Brown fiction.txt,,was told
695,Brown fiction.txt,,was beaten
696,Brown fiction.txt,,was watered
697,Brown fiction.txt,,were picked
698,Brown fiction.txt,,was hunkered
699,Brown fiction.txt,,was clouded
700,Brown fiction.txt,,were deserted.
701,Brown fiction.txt,,was already soaked.
702,Brown fiction.txt,,was secured
703,Brown fiction.txt,,been amazed
704,Brown fiction.txt,,been plowed.
705,Brown fiction.txt,,"was held,"
706,Brown fiction.txt,,been done
707,Brown fiction.txt,,was finally found
708,Brown fiction.txt,,was never made.
709,Brown fiction.txt,,being raided
710,Brown fiction.txt,,"been done,"
711,Brown fiction.txt,,been shot
712,Brown fiction.txt,,was brought
713,Brown fiction.txt,,was announced
714,Brown fiction.txt,,was forced
715,Brown fiction.txt,,was exploded
716,Brown fiction.txt,,were rarely ignored.
717,Brown fiction.txt,,been learned.
718,Brown fiction.txt,,been seen
719,Brown fiction.txt,,been faced
720,Brown fiction.txt,,was regarded
721,Brown fiction.txt,,been driven
722,Brown fiction.txt,,been returned
723,Brown fiction.txt,,was needed.
724,Brown fiction.txt,,being ground
725,Brown fiction.txt,,were swollen.
726,Brown fiction.txt,,was too involved
727,Brown fiction.txt,,was smashed
728,Brown fiction.txt,,been hit.
729,Brown fiction.txt,,was hurried;
730,Brown fiction.txt,,"was, caked"
731,Brown fiction.txt,,"was examined,"
732,Brown fiction.txt,,"is made,"
733,Brown fiction.txt,,were forced
734,Brown fiction.txt,,being paid
735,Brown fiction.txt,,was nowhere to be seen.
736,Brown fiction.txt,,was locked.
737,Brown fiction.txt,,were dulled.
738,Brown fiction.txt,,been found.
739,Brown fiction.txt,,"was n't"", retorted"
740,Brown fiction.txt,,been involved
741,Brown fiction.txt,,was told-
742,Brown fiction.txt,,was followed
743,Brown fiction.txt,,was determined
744,Brown fiction.txt,,"been sighted,"
745,Brown fiction.txt,,was sent
746,Brown fiction.txt,,were pulled
747,Brown fiction.txt,,were lost
748,Brown fiction.txt,,were headed
749,Brown fiction.txt,,"were worried,"
750,Brown fiction.txt,,were headed
751,Brown fiction.txt,,been spotted
752,Brown fiction.txt,,been spotted.
753,Brown fiction.txt,,"was gone,"
754,Brown fiction.txt,,were stretched
755,Brown fiction.txt,,were drowned
756,Brown fiction.txt,,was pressed
757,Brown fiction.txt,,was still hugging the stained
758,Brown fiction.txt,,been endorsed
759,Brown fiction.txt,,been filmed
760,Brown fiction.txt,,been covered
761,Brown fiction.txt,,was all covered
762,Brown fiction.txt,,was so scared
763,Brown fiction.txt,,was so scared
764,Brown fiction.txt,,being considered
765,Brown fiction.txt,,was loaded
766,Brown fiction.txt,,were parked
767,Brown fiction.txt,,been placed
768,Brown fiction.txt,,were supposed
769,Brown fiction.txt,,been stymied
770,Brown fiction.txt,,were married
771,Brown fiction.txt,,was silhouetted
772,Brown fiction.txt,,was filled
773,Brown fiction.txt,,was slightly indisposed and stayed
774,Brown fiction.txt,,was completely recovered and opened
775,Brown fiction.txt,,been told
776,Brown fiction.txt,,was well made
777,Brown fiction.txt,,were marked
778,Brown fiction.txt,,was determined
779,Brown fiction.txt,,was determined
780,Brown fiction.txt,,"being interrupted,"
781,Brown fiction.txt,,are laden
782,Brown fiction.txt,,was gone.
783,Brown fiction.txt,,was tickled.
784,Brown fiction.txt,,was charmed
785,Brown fiction.txt,,was irritated
786,Brown fiction.txt,,was pleased
787,Brown fiction.txt,,was rather tired
788,Brown fiction.txt,,were built
789,Brown fiction.txt,,was filled
790,Brown fiction.txt,,were engulfed
791,Brown fiction.txt,,was knocked
792,Brown fiction.txt,,were already swollen
793,Brown fiction.txt,,was spoiled
794,Brown fiction.txt,,were finished.
795,Brown fiction.txt,,were stuck
796,Brown fiction.txt,,was filled
797,Brown fiction.txt,,was puzzled
798,Brown fiction.txt,,is inhabited
799,Brown fiction.txt,,been artfully constructed
800,Brown fiction.txt,,was destroyed
801,Brown fiction.txt,,were shattered.
802,Brown fiction.txt,,was fixed
803,Brown fiction.txt,,were imbibed.
804,Brown fiction.txt,,was assigned-
805,Brown fiction.txt,,was brought
806,Brown fiction.txt,,was later confirmed
807,Brown fiction.txt,,was observed
808,Brown fiction.txt,,were left
809,Brown fiction.txt,,was caked
810,Brown fiction.txt,,was drawn
811,Brown fiction.txt,,was obscured
812,Brown fiction.txt,,"was real, said,"
813,Brown fiction.txt,,were broken
814,Brown fiction.txt,,was very tanned-
815,Brown fiction.txt,,was gone
816,Brown fiction.txt,,was startled
817,Brown fiction.txt,,been married.
818,Brown fiction.txt,,"is sometimes himself the hunted,"
819,Brown fiction.txt,,were better organized
820,Brown fiction.txt,,were dispatched
821,Brown fiction.txt,,was considered
822,Brown fiction.txt,,were anchored
823,Brown fiction.txt,,was submerged
824,Brown fiction.txt,,was terrified
825,Brown fiction.txt,,was never used
826,Brown fiction.txt,,was disturbed
827,Brown fiction.txt,,was reserved
828,Brown fiction.txt,,is determined
829,Brown fiction.txt,,was bewildered.
830,Brown fiction.txt,,was destroyed
831,Brown fiction.txt,,was pitched
832,Brown fiction.txt,,was sprawled
833,Brown fiction.txt,,was stuck
834,Brown fiction.txt,,were depraved.
835,Brown fiction.txt,,"was gone,"
836,Brown fiction.txt,,was slumped
837,Brown fiction.txt,,was half drawn
838,Brown fiction.txt,,been killed
839,Brown fiction.txt,,was carried
840,Brown fiction.txt,,were heard
841,Brown fiction.txt,,is required
842,Brown fiction.txt,,was blasted
843,Brown fiction.txt,,was shot
844,Brown fiction.txt,,been glorified
845,Brown fiction.txt,,was expected
846,Brown fiction.txt,,being riddled
847,Brown fiction.txt,,been allowed
848,Brown fiction.txt,,been allowed
849,Brown fiction.txt,,been sent
850,Brown fiction.txt,,been haunted
851,Brown fiction.txt,,been smothered
852,Brown fiction.txt,,was made
853,Brown fiction.txt,,was educated
854,Brown fiction.txt,,was called
855,Brown fiction.txt,,was gifted
856,Brown fiction.txt,,been brought
857,Brown fiction.txt,,was designed
858,Brown fiction.txt,,was carried
859,Brown fiction.txt,,were invited.
860,Brown fiction.txt,,was adjudged
861,Brown fiction.txt,,was put
862,Brown fiction.txt,,"been jumped,"
863,Brown fiction.txt,,"been killed,"
864,Brown fiction.txt,,been rapped.
865,Brown fiction.txt,,was pressed
866,Brown fiction.txt,,was cocked
867,Brown fiction.txt,,was called
868,Brown fiction.txt,,was always pushed
869,Brown fiction.txt,,was framed
870,Brown fiction.txt,,was determined
871,Brown fiction.txt,,was named
872,Brown fiction.txt,,were clouded
873,Brown fiction.txt,,was interrupted
874,Brown fiction.txt,,been laid
875,Brown fiction.txt,,was regarded
876,Brown fiction.txt,,was popularly supposed
877,Brown fiction.txt,,being opened
878,Brown fiction.txt,,being opened
879,Brown fiction.txt,,was termed
880,Brown fiction.txt,,been removed
881,Brown fiction.txt,,"was installed,"
882,Brown fiction.txt,,was nearly run
883,Brown fiction.txt,,was lost
884,Brown fiction.txt,,was deeply distressed. He'd had
885,Brown fiction.txt,,"were married,"
886,Brown fiction.txt,,was all reserved
887,Brown fiction.txt,,was downright worried
888,Brown fiction.txt,,was surprised
889,Brown fiction.txt,,was spared
890,Brown fiction.txt,,was gone
891,Brown fiction.txt,,was buffeted
892,Brown fiction.txt,,were covered
893,Brown fiction.txt,,was gone
894,Brown fiction.txt,,are left
895,Brown fiction.txt,,"been assimilated,"
896,Brown fiction.txt,,were not granted.
897,Brown fiction.txt,,been assigned
898,Brown fiction.txt,,were not permitted
899,Brown fiction.txt,,"is not permitted,"
900,Brown fiction.txt,,was meant
901,Brown fiction.txt,,"are similarly endowed,"
902,Brown fiction.txt,,were regarded
903,Brown fiction.txt,,been sent
904,Brown fiction.txt,,being humiliated
905,Brown fiction.txt,,been sent
906,Brown fiction.txt,,is literally translated
907,Brown fiction.txt,,is naturally expected
908,Brown fiction.txt,,was convinced
909,Brown fiction.txt,,were best forgotten
910,Brown fiction.txt,,was restricted
911,Brown fiction.txt,,been dug
912,Brown fiction.txt,,been hooked
913,Brown fiction.txt,,was disappointed
914,Brown fiction.txt,,was dimly lit
915,Brown fiction.txt,,were bent
916,Brown fiction.txt,,was cleaned
917,Brown fiction.txt,,was surprised
918,Brown fiction.txt,,were cunningly arranged
919,Brown fiction.txt,,being propositioned
920,Brown fiction.txt,,were flashed
921,Brown fiction.txt,,being identified
922,Brown fiction.txt,,been mysteriously removed
923,Brown fiction.txt,,were considered
924,Brown fiction.txt,,being sharpened
925,Brown fiction.txt,,was overheard
926,Brown fiction.txt,,was interrupted
927,Brown fiction.txt,,been carried
928,Brown fiction.txt,,was done
929,Brown fiction.txt,,"was not mistaken,"
930,Brown fiction.txt,,been defeated
931,Brown fiction.txt,,"was raised,"
932,Brown fiction.txt,,being kept
933,Brown fiction.txt,,been insolently disobeyed
934,Brown fiction.txt,,been attacked
935,Brown fiction.txt,,was thrown
936,Brown fiction.txt,,was soon joined
937,Brown fiction.txt,,are expected
938,Brown fiction.txt,,is needed
939,Brown fiction.txt,,is appointed
940,Brown fiction.txt,,been lost.
941,Brown fiction.txt,,was given
942,Brown fiction.txt,,was not given.
943,Brown fiction.txt,,was gone.
944,Brown fiction.txt,,was shocked
945,Brown fiction.txt,,"were bare-armed,"
946,Brown fiction.txt,,been branded
947,Brown fiction.txt,,was terribly despondent and talked
948,Brown fiction.txt,,was imprisoned.
949,Brown fiction.txt,,"was arrested,"
950,Brown fiction.txt,,was informed.
951,Brown fiction.txt,,was run
952,Brown fiction.txt,,been put
953,Brown fiction.txt,,were tired
954,Brown fiction.txt,,is unlocked.
955,Brown fiction.txt,,"were spellbound,"
956,Brown fiction.txt,,been done
957,Brown fiction.txt,,were made-
958,Brown fiction.txt,,was set
959,Brown fiction.txt,,being painted
960,Brown fiction.txt,,was fascinated;
961,Brown fiction.txt,,been divided
962,Brown fiction.txt,,was so well grooved
963,Brown fiction.txt,,was found
964,Brown fiction.txt,,am appalled
965,Brown fiction.txt,,was filled
966,Brown fiction.txt,,is not to be borne.
967,Brown fiction.txt,,was tired
968,Brown fiction.txt,,being bounced
969,Brown fiction.txt,,was said
970,Brown fiction.txt,,are perhaps pressed
971,Brown fiction.txt,,was supposed
972,Brown fiction.txt,,was parked.
973,Brown fiction.txt,,was reminded
974,Brown fiction.txt,,was **h. happened
975,Brown fiction.txt,,was supposed
976,Brown fiction.txt,,been lowered
977,Brown fiction.txt,,"was buried,"
978,Brown fiction.txt,,was not usually given
979,Brown fiction.txt,,being delivered
980,Brown fiction.txt,,was enclosed
981,Brown fiction.txt,,was horrified.
982,Brown fiction.txt,,was obliged
983,Brown fiction.txt,,was tempted
984,Brown fiction.txt,,being scared.
985,Brown fiction.txt,,was settled-
986,Brown fiction.txt,,was not reduced
987,Brown fiction.txt,,"was actually oversubscribed,"
988,Brown fiction.txt,,been brought
989,Brown fiction.txt,,been considered
990,Brown fiction.txt,,were weighed
991,Brown fiction.txt,,was almost as pleased
992,Brown fiction.txt,,was owned
993,Brown fiction.txt,,was made
994,Brown fiction.txt,,was all set
995,Brown fiction.txt,,was flushed
996,Brown fiction.txt,,was stretched
997,Brown fiction.txt,,was plenty scared.
998,Brown fiction.txt,,was plastered
999,Brown fiction.txt,,"was fired,"
"1,000",Brown fiction.txt,,was gone
"1,001",Brown fiction.txt,,was stranded.
"1,002",Brown fiction.txt,,was scared
"1,003",Brown fiction.txt,,being so tired-
"1,004",Brown fiction.txt,,was all taken
"1,005",Brown fiction.txt,,was thought
"1,006",Brown fiction.txt,,was two-colored-
"1,007",Brown fiction.txt,,being admitted
"1,008",Brown fiction.txt,,was surprised
"1,009",Brown fiction.txt,,was crocked.
"1,010",Brown fiction.txt,,was reconciled
"1,011",Brown fiction.txt,,were wet
"1,012",Brown fiction.txt,,were not rushed.
"1,013",Brown fiction.txt,,been rendered
"1,014",Brown fiction.txt,,was taken
"1,015",Brown fiction.txt,,been aroused
"1,016",Brown fiction.txt,,is populated
"1,017",Brown fiction.txt,,were obviously thought
"1,018",Brown fiction.txt,,was viewed
"1,019",Brown fiction.txt,,is supposed
"1,020",Brown fiction.txt,,is supposed
"1,021",Brown fiction.txt,,been told
"1,022",Brown fiction.txt,,was really upset
"1,023",Brown fiction.txt,,was that seemed
"1,024",Brown fiction.txt,,was married.
"1,025",Brown fiction.txt,,was hopelessly tied
"1,026",Brown fiction.txt,,been chosen
"1,027",Brown fiction.txt,,was held
"1,028",Brown fiction.txt,,were separated.
"1,029",Brown fiction.txt,,was jammed.
"1,030",Brown fiction.txt,,are not guided
"1,031",Brown fiction.txt,,was peaked.
"1,032",Brown fiction.txt,,was gone
"1,033",Brown fiction.txt,,was propped
"1,034",Brown fiction.txt,,were separated
"1,035",Brown fiction.txt,,was resumed.
"1,036",Brown fiction.txt,,being tagged.
"1,037",Brown fiction.txt,,was followed
"1,038",Brown fiction.txt,,was flushed.
"1,039",Brown fiction.txt,,was crowded
"1,040",Brown fiction.txt,,were quickly squelched.
"1,041",Brown fiction.txt,,were pulled
"1,042",Brown fiction.txt,,was awarded
"1,043",Brown fiction.txt,,been incarcerated
"1,044",Brown fiction.txt,,been eaten
"1,045",Brown fiction.txt,,"was thoroughly startled""."
"1,046",Brown fiction.txt,,was used
"1,047",Brown fiction.txt,,been there. I've been
"1,048",Brown fiction.txt,,is buried
"1,049",Brown fiction.txt,,was also thought
"1,050",Brown fiction.txt,,was surprised
"1,051",Brown fiction.txt,,was caged
"1,052",Brown fiction.txt,,were caught
"1,053",Brown fiction.txt,,was shocked
"1,054",Brown fiction.txt,,"were gone,"
"1,055",Brown fiction.txt,,was sent
"1,056",Brown fiction.txt,,was heavily loaded
"1,057",Brown fiction.txt,,were set
"1,058",Brown fiction.txt,,was arched
"1,059",Brown fiction.txt,,was drawn
"1,060",Brown fiction.txt,,"are soon crushed,"
"1,061",Brown fiction.txt,,was already forgotten
"1,062",Brown fiction.txt,,was contented
"1,063",Brown fiction.txt,,was gone;
"1,064",Brown fiction.txt,,been flattened
"1,065",Brown fiction.txt,,"was gone,"
"1,066",Brown fiction.txt,,was rejected.
"1,067",Brown fiction.txt,,been rubbed
"1,068",Brown fiction.txt,,been strewn
"1,069",Brown fiction.txt,,are referred
"1,070",Brown fiction.txt,,been groomed
"1,071",Brown fiction.txt,,was deposited
"1,072",Brown fiction.txt,,been instructed
"1,073",Brown fiction.txt,,was so taken
"1,074",Brown fiction.txt,,being annoyed
"1,075",Brown fiction.txt,,been left
"1,076",Brown fiction.txt,,been robbed
"1,077",Brown fiction.txt,,was trapped.
"1,078",Brown fiction.txt,,was so shaken
"1,079",Brown fiction.txt,,"were involved,"
"1,080",Brown fiction.txt,,was flushed
"1,081",Brown fiction.txt,,was surprised
"1,082",Brown fiction.txt,,been detached
"1,083",Brown fiction.txt,,was exposed
"1,084",Brown fiction.txt,,being absorbed
"1,085",Brown fiction.txt,,was influenced
"1,086",Brown fiction.txt,,was entwined
"1,087",Brown fiction.txt,,was convinced
"1,088",Brown fiction.txt,,been appointed
"1,089",Brown fiction.txt,,is deeply committed
"1,090",Brown fiction.txt,,"were arranged,"
"1,091",Brown fiction.txt,,were proved
"1,092",Brown fiction.txt,,was forced
"1,093",Brown fiction.txt,,been lost.